{
  "workspace_m": [
    0.508,
    0.508
  ],
  "marker_ids": [
    0,
    1,
    2,
    3
  ],
  "pixel_corners": [
    [
      420.0,
      379.5
    ],
    [
      126.0,
      370.25
    ],
    [
      412.5,
      88.75
    ],
    [
      140.75,
      95.75
    ]
  ],
  "world_corners": [
    [
      0.0,
      0.0
    ],
    [
      0.5080000162124634,
      0.0
    ],
    [
      0.5080000162124634,
      0.5080000162124634
    ],
    [
      0.0,
      0.5080000162124634
    ]
  ],
  "homography": [
    [
      0.0011174762301784007,
      -0.0010997541401843824,
      -0.051983320474955255
    ],
    [
      3.372154519593895e-05,
      -0.0010717983013628228,
      0.3925844063848967
    ],
    [
      7.4898935970141925e-06,
      -0.004396075692762912,
      1.0
    ]
  ],
  "frame_size": [
    640,
    480
  ],
  "notes": "homography maps pixel (x,y,1) \u2192 world (X,Y,1) in metres. Origin is marker ID 0 (top-left)."
}