{
  "frame_size": [
    640,
    480
  ],
  "camera_matrix": [
    [
      683.6794785787142,
      0.0,
      290.1766927829731
    ],
    [
      0.0,
      686.6470184379697,
      268.87748013965756
    ],
    [
      0.0,
      0.0,
      1.0
    ]
  ],
  "dist_coeffs": [
    [
      -0.5216857603523426,
      1.3532650990616881,
      -0.004537489470260756,
      -0.008911549605014859,
      -2.6695059562368892
    ]
  ],
  "reprojection_error": 0.7456667350892004,
  "checkerboard": {
    "cols": 4,
    "rows": 5,
    "square_size": 0.035
  },
  "notes": "camera_matrix: [[fx, 0, cx], [0, fy, cy], [0, 0, 1]]  |  dist_coeffs: [k1, k2, p1, p2, k3]"
}