{
  "frame_size": [
    640,
    480
  ],
  "camera_matrix": [
    [
      703.2169515102823,
      0.0,
      299.0632242966249
    ],
    [
      0.0,
      700.0872176486312,
      225.21389151439382
    ],
    [
      0.0,
      0.0,
      1.0
    ]
  ],
  "dist_coeffs": [
    [
      -0.3979668840460802,
      1.5451174321502403,
      -0.0036621340351109502,
      1.5209775900404359e-05,
      -7.845472987730786
    ]
  ],
  "reprojection_error": 0.19281787292264901,
  "checkerboard": {
    "cols": 4,
    "rows": 5,
    "square_size": 0.035
  },
  "notes": "camera_matrix: [[fx,0,cx],[0,fy,cy],[0,0,1]] | dist_coeffs: [k1,k2,p1,p2,k3]"
}