{
  "workspace_m": [
    0.508,
    0.508
  ],
  "marker_ids": [
    0,
    1,
    2,
    3
  ],
  "pixel_corners": [
    [
      419.0,
      380.0
    ],
    [
      124.75,
      371.5
    ],
    [
      142.75,
      99.75
    ],
    [
      413.0,
      90.25
    ]
  ],
  "world_corners": [
    [
      0.0,
      0.0
    ],
    [
      0.5080000162124634,
      0.0
    ],
    [
      0.5080000162124634,
      0.5080000162124634
    ],
    [
      0.0,
      0.5080000162124634
    ]
  ],
  "homography": [
    [
      -0.0020175261906887395,
      4.177793664929212e-05,
      0.8294678579718509
    ],
    [
      5.7890009265321464e-05,
      -0.002004015908978932,
      0.7372701315298242
    ],
    [
      0.00026538701753907806,
      0.0003628807386066476,
      1.0
    ]
  ],
  "frame_size": [
    640,
    480
  ],
  "notes": "homography maps pixel (x,y,1) \u2192 world (X,Y,1) in metres. Origin is marker ID 0 (top-left)."
}