{
  "workspace_m": [
    0.508,
    0.508
  ],
  "marker_ids": [
    0,
    1,
    2,
    3
  ],
  "pixel_corners": [
    [
      419.5,
      380.0
    ],
    [
      124.75,
      371.5
    ],
    [
      410.0,
      93.75
    ],
    [
      143.5,
      98.75
    ]
  ],
  "world_corners": [
    [
      0.0,
      0.0
    ],
    [
      0.5080000162124634,
      0.0
    ],
    [
      0.5080000162124634,
      0.5080000162124634
    ],
    [
      0.0,
      0.5080000162124634
    ]
  ],
  "homography": [
    [
      0.0011144772125899953,
      -0.0010936736379549825,
      -0.05192720825860969
    ],
    [
      3.0501919432001262e-05,
      -0.0010576989120685163,
      0.3891300313843116
    ],
    [
      1.6765647895093647e-05,
      -0.004388775085604359,
      0.9999999999999999
    ]
  ],
  "frame_size": [
    640,
    480
  ],
  "notes": "homography maps pixel (x,y,1) \u2192 world (X,Y,1) in metres. Origin is marker ID 0 (top-left)."
}